,time,cloud,temp,humidity,ground_press,wind_speed,wind_dir,rain,snow,dew_point,vis,uv_idx,azimuth,elevation
0,2023-10-21T16:00:00+00:00,2.0,14.88,59.0,1024.0,5.34,340.0,0.0,0.0,7.77778,16.0934,0.0,23.971,-64.2083
1,2023-10-21T17:00:00+00:00,18.0,14.72,58.0,1024.0,5.04,343.0,0.0,0.0,7.77778,16.0934,0.0,50.0535,-56.704
2,2023-10-21T18:00:00+00:00,32.0,14.55,58.0,1024.0,4.54,343.0,0.0,0.0,7.77778,16.0934,0.0,66.7853,-46.1878
3,2023-10-21T19:00:00+00:00,100.0,14.36,58.0,1024.0,4.06,348.0,0.0,0.0,7.77778,16.0934,0.0,78.5146,-34.436
4,2023-10-21T20:00:00+00:00,100.0,14.11,59.0,1024.0,3.65,349.0,0.0,0.0,7.77778,16.0934,0.0,87.9028,-22.217
5,2023-10-21T21:00:00+00:00,100.0,13.93,60.0,1024.0,3.09,1.0,0.0,0.0,7.22222,16.0934,0.0,96.3693,-9.92088
6,2023-10-21T22:00:00+00:00,100.0,13.79,60.0,1024.0,3.16,7.0,0.0,0.0,7.22222,16.0934,0.0,104.814,2.17537
7,2023-10-21T23:00:00+00:00,100.0,14.08,59.0,1025.0,2.83,10.0,0.0,0.0,7.22222,16.0934,1.0,113.988,13.7852
8,2023-10-22T00:00:00+00:00,100.0,14.43,58.0,1025.0,2.42,17.0,0.0,0.0,7.77778,16.0934,1.0,124.69,24.5205
9,2023-10-22T01:00:00+00:00,100.0,14.9,56.0,1025.0,2.17,12.0,0.0,0.0,7.77778,16.0934,1.0,137.836,33.7876
10,2023-10-22T02:00:00+00:00,100.0,15.38,55.0,1025.0,2.16,356.0,0.0,0.0,7.22222,16.0934,2.0,154.229,40.6884
11,2023-10-22T03:00:00+00:00,100.0,15.93,52.0,1025.0,2.23,333.0,0.0,0.0,7.22222,16.0934,2.0,173.683,44.1046
12,2023-10-22T04:00:00+00:00,100.0,16.43,50.0,1024.0,2.7,314.0,0.0,0.0,7.22222,16.0934,3.0,194.065,43.2501
13,2023-10-22T05:00:00+00:00,100.0,16.83,49.0,1024.0,3.34,313.0,0.0,0.0,7.22222,16.0934,3.0,212.458,38.3395
14,2023-10-22T06:00:00+00:00,100.0,16.94,49.0,1024.0,3.71,317.0,0.0,0.0,7.22222,16.0934,2.0,227.514,30.384
15,2023-10-22T07:00:00+00:00,100.0,16.86,51.0,1024.0,3.66,312.0,0.0,0.0,7.77778,16.0934,1.0,239.58,20.451
16,2023-10-22T08:00:00+00:00,100.0,16.67,54.0,1024.0,3.41,313.0,0.0,0.0,8.33333,16.0934,0.0,249.565,9.31233
17,2023-10-22T09:00:00+00:00,100.0,16.29,57.0,1024.0,3.05,316.0,0.0,0.0,9.44444,16.0934,0.0,258.342,-2.53318
18,2023-10-22T10:00:00+00:00,100.0,16.13,58.0,1024.0,2.25,337.0,0.0,0.0,9.44444,16.0934,0.0,266.671,-14.75
19,2023-10-22T11:00:00+00:00,100.0,15.95,59.0,1025.0,1.81,353.0,0.0,0.0,10.0,16.0934,0.0,275.326,-27.0689
20,2023-10-22T12:00:00+00:00,100.0,15.76,60.0,1025.0,1.3,360.0,0.0,0.0,10.5556,16.0934,0.0,285.346,-39.1926
21,2023-10-22T13:00:00+00:00,48.0,15.58,61.0,1025.0,0.75,2.0,0.0,0.0,10.5556,16.0934,0.0,298.52,-50.6386
22,2023-10-22T14:00:00+00:00,27.0,15.4,62.0,1025.0,0.68,345.0,0.0,0.0,10.0,16.0934,0.0,318.277,-60.3594
23,2023-10-22T15:00:00+00:00,20.0,15.32,64.0,1025.0,0.63,335.0,0.0,0.0,10.0,16.0934,0.0,348.865,-65.9733
24,2023-10-22T16:00:00+00:00,38.0,15.87,64.0,1024.0,1.0,325.0,0.0,0.0,10.5556,16.0934,0.0,24.3343,-64.528
25,2023-10-22T17:00:00+00:00,31.0,15.75,64.0,1025.0,1.05,338.0,0.0,0.0,10.5556,16.0934,0.0,50.5233,-56.9503
26,2023-10-22T18:00:00+00:00,26.0,15.47,66.0,1024.0,1.2,351.0,0.0,0.0,10.5556,16.0934,0.0,67.2149,-46.3842
27,2023-10-22T19:00:00+00:00,0.0,15.3,67.0,1024.0,1.3,3.0,0.0,0.0,10.5556,16.0934,0.0,78.8933,-34.6071
28,2023-10-22T20:00:00+00:00,0.0,15.09,68.0,1024.0,1.22,26.0,0.0,0.0,10.0,16.0934,0.0,88.2449,-22.3793
29,2023-10-22T21:00:00+00:00,0.0,14.93,69.0,1024.0,1.27,41.0,0.0,0.0,10.0,16.0934,0.0,96.6891,-10.0859
30,2023-10-22T22:00:00+00:00,0.0,14.78,69.0,1025.0,1.33,57.0,0.0,0.0,10.0,16.0934,0.0,105.122,1.99779
31,2023-10-22T23:00:00+00:00,0.0,15.15,68.0,1026.0,1.24,67.0,0.0,0.0,10.5556,16.0934,1.0,114.291,13.5857
32,2023-10-23T00:00:00+00:00,0.0,15.8,65.0,1026.0,1.07,78.0,0.0,0.0,11.1111,16.0934,2.0,124.986,24.2895
33,2023-10-23T01:00:00+00:00,0.0,16.38,63.0,1026.0,0.66,63.0,0.0,0.0,11.1111,16.0934,3.0,138.11,33.516
34,2023-10-23T02:00:00+00:00,0.0,16.82,62.0,1025.0,0.37,339.0,0.0,0.0,10.5556,16.0934,4.0,154.443,40.3729
35,2023-10-23T03:00:00+00:00,0.0,17.22,60.0,1025.0,0.86,271.0,0.0,0.0,10.0,16.0934,4.0,173.779,43.7565
36,2023-10-23T04:00:00+00:00,0.0,17.63,58.0,1024.0,1.87,276.0,0.0,0.0,9.44444,16.0934,4.0,194.016,42.8972
37,2023-10-23T05:00:00+00:00,0.0,18.02,56.0,1023.0,2.51,279.0,0.0,0.0,9.44444,16.0934,3.0,212.298,38.0078
38,2023-10-23T06:00:00+00:00,0.0,18.18,55.0,1023.0,2.99,286.0,0.0,0.0,9.44444,16.0934,2.0,227.296,30.0838
39,2023-10-23T07:00:00+00:00,2.0,18.1,55.0,1023.0,2.86,289.0,0.0,0.0,9.44444,16.0934,1.0,239.336,20.1805
40,2023-10-23T08:00:00+00:00,5.0,17.83,57.0,1023.0,2.74,293.0,0.0,0.0,9.44444,16.0934,0.0,249.308,9.06509
41,2023-10-23T09:00:00+00:00,6.0,17.31,58.0,1023.0,2.4,303.0,0.0,0.0,10.0,16.0934,0.0,258.074,-2.76465
42,2023-10-23T10:00:00+00:00,26.0,17.13,58.0,1023.0,2.1,317.0,0.0,0.0,10.5556,16.0934,0.0,266.387,-14.9734
43,2023-10-23T11:00:00+00:00,39.0,17.0,58.0,1023.0,1.5,308.0,0.0,0.0,10.5556,16.0934,0.0,275.019,-27.2932
44,2023-10-23T12:00:00+00:00,49.0,16.86,58.0,1023.0,0.82,339.0,0.0,0.0,11.1111,16.0934,0.0,285.005,-39.4288
45,2023-10-23T13:00:00+00:00,100.0,16.7,59.0,1024.0,0.61,341.0,0.0,0.0,11.1111,16.0934,0.0,298.148,-50.9026
46,2023-10-23T14:00:00+00:00,100.0,16.48,59.0,1023.0,0.61,22.0,0.0,0.0,11.1111,16.0934,0.0,317.937,-60.6709
47,2023-10-23T15:00:00+00:00,98.0,16.22,61.0,1023.0,0.35,355.0,0.0,0.0,11.1111,16.0934,0.0,348.811,-66.3259
48,2023-10-23T16:00:00+00:00,83.0,15.91,62.0,1022.0,0.28,68.0,0.0,0.0,10.5556,16.0934,0.0,24.6979,-64.845
49,2023-10-23T17:00:00+00:00,86.0,15.68,64.0,1022.0,0.34,197.0,0.0,0.0,10.5556,16.0934,0.0,50.9921,-57.1946
50,2023-10-23T18:00:00+00:00,76.0,15.45,65.0,1022.0,0.44,66.0,0.0,0.0,10.5556,16.0934,0.0,67.6418,-46.5794
51,2023-10-23T19:00:00+00:00,99.0,15.25,66.0,1022.0,0.64,72.0,0.0,0.0,10.5556,16.0934,0.0,79.2688,-34.7776
52,2023-10-23T20:00:00+00:00,80.0,15.04,67.0,1022.0,0.95,86.0,0.0,0.0,10.5556,16.0934,0.0,88.5836,-22.5416
53,2023-10-23T21:00:00+00:00,57.0,14.76,69.0,1022.0,1.61,85.0,0.0,0.0,10.0,16.0934,0.0,97.0053,-10.2515
54,2023-10-23T22:00:00+00:00,68.0,14.63,70.0,1022.0,1.88,103.0,0.0,0.0,10.0,16.0934,0.0,105.426,1.81957
55,2023-10-23T23:00:00+00:00,74.0,14.87,71.0,1022.0,2.51,98.0,0.0,0.0,10.5556,16.0934,0.0,114.589,13.3856
56,2023-10-24T00:00:00+00:00,79.0,15.34,69.0,1023.0,2.22,110.0,0.0,0.0,10.5556,16.0934,1.0,125.277,24.0581
57,2023-10-24T01:00:00+00:00,98.0,16.0,65.0,1023.0,1.48,126.0,0.0,0.0,10.0,16.0934,1.0,138.379,33.2446
58,2023-10-24T02:00:00+00:00,66.0,16.56,62.0,1022.0,1.15,140.0,0.0,0.0,9.44444,16.0934,2.0,154.65,40.0586
59,2023-10-24T03:00:00+00:00,53.0,16.91,59.0,1022.0,0.7,205.0,0.0,0.0,8.33333,16.0934,2.0,173.869,43.411
60,2023-10-24T04:00:00+00:00,41.0,17.13,57.0,1021.0,1.05,225.0,0.0,0.0,8.33333,16.0934,4.0,193.965,42.5476
61,2023-10-24T05:00:00+00:00,33.0,17.57,54.0,1020.0,1.69,251.0,0.0,0.0,8.88889,16.0934,3.0,212.139,37.6797
62,2023-10-24T06:00:00+00:00,27.0,17.95,52.0,1020.0,1.93,262.0,0.0,0.0,8.88889,16.0934,2.0,227.078,29.7872
63,2023-10-24T07:00:00+00:00,0.0,18.08,51.0,1019.0,1.99,277.0,0.0,0.0,8.88889,16.0934,1.0,239.093,19.9137
64,2023-10-24T08:00:00+00:00,0.0,17.94,54.0,1019.0,1.76,278.0,0.0,0.0,9.44444,16.0934,0.0,249.052,8.82166
65,2023-10-24T09:00:00+00:00,0.0,17.51,56.0,1019.0,1.34,286.0,0.0,0.0,10.5556,16.0934,0.0,257.806,-2.99209
66,2023-10-24T10:00:00+00:00,1.0,17.43,56.0,1020.0,1.08,310.0,0.0,0.0,10.5556,16.0934,0.0,266.104,-15.1926
67,2023-10-24T11:00:00+00:00,1.0,17.33,56.0,1020.0,1.0,357.0,0.0,0.0,11.1111,16.0934,0.0,274.711,-27.5128
68,2023-10-24T12:00:00+00:00,1.0,17.19,57.0,1020.0,0.81,17.0,0.0,0.0,11.1111,16.0934,0.0,284.664,-39.66
69,2023-10-24T13:00:00+00:00,0.0,17.01,57.0,1021.0,0.75,65.0,0.0,0.0,11.1111,16.0934,0.0,297.773,-51.1614
70,2023-10-24T14:00:00+00:00,0.0,16.81,58.0,1021.0,1.13,62.0,0.0,0.0,11.1111,16.0934,0.0,317.59,-60.9774
71,2023-10-24T15:00:00+00:00,0.0,16.61,59.0,1020.0,1.11,65.0,0.0,0.0,11.1111,16.0934,0.0,348.75,-66.6751
72,2023-10-24T16:00:00+00:00,0.0,16.98,62.0,1020.0,0.74,63.0,0.0,0.0,11.6667,16.0934,0.0,25.0613,-65.1595
73,2023-10-24T17:00:00+00:00,0.0,16.75,64.0,1020.0,1.19,75.0,0.0,0.0,11.6667,16.0934,0.0,51.4596,-57.4368
74,2023-10-24T18:00:00+00:00,0.0,16.5,65.0,1019.0,1.38,77.0,0.0,0.0,11.6667,16.0934,0.0,68.0659,-46.7733
75,2023-10-24T19:00:00+00:00,0.0,16.28,66.0,1019.0,1.16,81.0,0.0,0.0,11.1111,16.0934,0.0,79.641,-34.9477
76,2023-10-24T20:00:00+00:00,0.0,16.04,67.0,1019.0,1.47,81.0,0.0,0.0,11.1111,16.0934,0.0,88.9188,-22.7039
77,2023-10-24T21:00:00+00:00,0.0,15.89,69.0,1019.0,1.7,83.0,0.0,0.0,10.5556,16.0934,0.0,97.3177,-10.4174
78,2023-10-24T22:00:00+00:00,0.0,15.72,70.0,1019.0,1.92,83.0,0.0,0.0,11.1111,16.0934,0.0,105.726,1.64073
79,2023-10-24T23:00:00+00:00,0.0,16.0,70.0,1020.0,2.12,84.0,0.0,0.0,11.1111,16.0934,1.0,114.882,13.1849
80,2023-10-25T00:00:00+00:00,0.0,16.63,69.0,1020.0,1.68,92.0,0.0,0.0,11.6667,16.0934,2.0,125.562,23.8264
81,2023-10-25T01:00:00+00:00,0.0,17.23,68.0,1020.0,1.39,85.0,0.0,0.0,12.2222,16.0934,3.0,138.641,32.9735
82,2023-10-25T02:00:00+00:00,0.0,17.77,67.0,1020.0,0.84,59.0,0.0,0.0,12.7778,16.0934,4.0,154.851,39.7458
83,2023-10-25T03:00:00+00:00,0.0,18.32,66.0,1019.0,0.52,305.0,0.0,0.0,13.3333,16.0934,4.0,173.955,43.0681
84,2023-10-25T04:00:00+00:00,0.0,18.7,66.0,1019.0,1.52,280.0,0.0,0.0,13.3333,16.0934,4.0,193.912,42.2016
85,2023-10-25T05:00:00+00:00,0.0,19.18,66.0,1018.0,2.57,277.0,0.0,0.0,13.3333,9.65606,2.0,211.979,37.3553
86,2023-10-25T06:00:00+00:00,0.0,19.36,68.0,1018.0,3.07,283.0,0.0,0.0,13.3333,16.0934,2.0,226.862,29.4944
87,2023-10-25T07:00:00+00:00,0.0,19.19,71.0,1018.0,2.84,287.0,0.0,0.0,13.8889,16.0934,1.0,238.851,19.6507
88,2023-10-25T08:00:00+00:00,0.0,18.91,73.0,1018.0,2.2,295.0,0.0,0.0,13.8889,16.0934,0.0,248.797,8.58217
89,2023-10-25T09:00:00+00:00,0.0,18.36,77.0,1018.0,1.9,291.0,0.0,0.0,14.4444,16.0934,0.0,257.54,-3.2154
90,2023-10-25T10:00:00+00:00,0.0,18.2,79.0,1018.0,1.77,289.0,0.0,0.0,14.4444,16.0934,0.0,265.82,-15.4074
91,2023-10-25T11:00:00+00:00,0.0,18.1,80.0,1019.0,1.41,283.0,0.0,0.0,14.4444,16.0934,0.0,274.403,-27.7276
92,2023-10-25T12:00:00+00:00,0.0,18.02,81.0,1019.0,1.02,276.0,0.0,0.0,14.4444,16.0934,0.0,284.321,-39.8861
93,2023-10-25T13:00:00+00:00,4.0,17.96,81.0,1019.0,1.25,268.0,0.0,0.0,13.8889,16.0934,0.0,297.394,-51.4149
94,2023-10-25T14:00:00+00:00,5.0,17.85,82.0,1019.0,0.64,257.0,0.0,0.0,13.8889,16.0934,0.0,317.235,-61.2789
95,2023-10-25T15:00:00+00:00,5.0,17.71,82.0,1019.0,0.34,246.0,0.0,0.0,13.8889,11.2654,0.0,348.681,-67.0208
96,2023-10-25T16:00:00+00:00,23.0,17.39,87.0,1018.0,0.07,340.0,0.0,0.0,15.0,1.62544,0.0,25.4244,-65.4712
97,2023-10-25T17:00:00+00:00,31.0,17.26,87.0,1018.0,0.56,97.0,0.0,0.0,14.4444,1.62544,0.0,51.9255,-57.6768
98,2023-10-25T18:00:00+00:00,41.0,17.01,88.0,1017.0,0.76,82.0,0.0,0.0,14.4444,1.62544,0.0,68.487,-46.966
99,2023-10-25T19:00:00+00:00,100.0,16.83,88.0,1017.0,1.33,83.0,0.0,0.0,13.8889,1.62544,0.0,80.0096,-35.1174
100,2023-10-25T20:00:00+00:00,97.0,16.61,88.0,1017.0,1.38,103.0,0.0,0.0,14.4444,1.62544,0.0,89.2503,-22.8664
101,2023-10-25T21:00:00+00:00,67.0,16.46,88.0,1017.0,1.29,132.0,0.0,0.0,14.4444,1.62544,0.0,97.6262,-10.5838
102,2023-10-25T22:00:00+00:00,69.0,16.4,88.0,1018.0,1.05,97.0,0.0,0.0,14.4444,1.62544,0.0,106.022,1.4613
103,2023-10-25T23:00:00+00:00,75.0,16.72,87.0,1018.0,1.4,121.0,0.0,0.0,15.0,1.62544,0.0,115.171,12.9837
104,2023-10-26T00:00:00+00:00,79.0,17.28,85.0,1018.0,0.92,115.0,0.0,0.0,15.0,1.62544,0.0,125.842,23.5944
105,2023-10-26T01:00:00+00:00,67.0,17.82,83.0,1018.0,0.5,140.0,0.0,0.0,15.0,1.62544,1.0,138.896,32.7029
106,2023-10-26T02:00:00+00:00,38.0,18.35,80.0,1018.0,1.19,234.0,0.0,0.0,14.4444,1.62544,4.0,155.044,39.4344
107,2023-10-26T03:00:00+00:00,26.0,18.98,77.0,1017.0,2.22,250.0,0.0,0.0,14.4444,1.62544,4.0,174.035,42.728
108,2023-10-26T04:00:00+00:00,20.0,19.4,74.0,1017.0,2.67,260.0,0.0,0.0,13.8889,1.62544,4.0,193.856,41.859
109,2023-10-26T05:00:00+00:00,16.0,19.7,72.0,1016.0,3.56,259.0,0.0,0.0,14.4444,1.62544,3.0,211.82,37.0347
110,2023-10-26T06:00:00+00:00,16.0,19.74,73.0,1016.0,3.7,259.0,0.0,0.0,14.4444,1.62544,2.0,226.646,29.2055
111,2023-10-26T07:00:00+00:00,4.0,19.55,76.0,1016.0,3.3,262.0,0.0,0.0,14.4444,16.0934,1.0,238.61,19.3916
112,2023-10-26T08:00:00+00:00,42.0,19.2,80.0,1015.0,2.96,256.0,0.0,0.0,15.5556,16.0934,0.0,248.543,8.34673
113,2023-10-26T09:00:00+00:00,28.0,18.66,84.0,1016.0,3.22,247.0,0.0,0.0,15.5556,16.0934,0.0,257.274,-3.43446
114,2023-10-26T10:00:00+00:00,26.0,18.47,87.0,1016.0,3.06,241.0,0.0,0.0,15.5556,16.0934,0.0,265.538,-15.6177
115,2023-10-26T11:00:00+00:00,37.0,18.37,88.0,1016.0,3.04,231.0,0.0,0.0,15.5556,16.0934,0.0,274.095,-27.9377
116,2023-10-26T12:00:00+00:00,46.0,18.31,88.0,1016.0,3.28,233.0,0.26,0.0,15.5556,16.0934,0.0,283.977,-40.107
117,2023-10-26T13:00:00+00:00,37.0,18.44,87.0,1015.0,3.7,231.0,0.0,0.0,15.5556,16.0934,0.0,297.011,-51.6628
118,2023-10-26T14:00:00+00:00,32.0,18.45,88.0,1015.0,4.01,233.0,0.0,0.0,16.1111,11.2654,0.0,316.871,-61.5753
119,2023-10-26T15:00:00+00:00,44.0,18.27,90.0,1014.0,4.35,248.0,0.2,0.0,16.1111,4.82803,0.0,348.603,-67.363
120,2023-10-26T16:00:00+00:00,4.0,17.35,84.0,1015.0,7.54,344.0,0.0,0.0,13.8889,9.65606,0.0,25.7866,-65.7803
121,2023-10-26T17:00:00+00:00,4.0,16.92,80.0,1015.0,7.2,347.0,0.0,0.0,12.2222,11.2654,0.0,52.3895,-57.9147
122,2023-10-26T18:00:00+00:00,4.0,16.67,74.0,1015.0,7.45,343.0,0.0,0.0,11.1111,16.0934,0.0,68.9047,-47.1575
123,2023-10-26T19:00:00+00:00,0.0,16.44,66.0,1015.0,7.66,341.0,0.0,0.0,10.0,16.0934,0.0,80.3746,-35.2866
124,2023-10-26T20:00:00+00:00,0.0,16.29,62.0,1016.0,7.54,336.0,0.0,0.0,9.44444,16.0934,0.0,89.578,-23.029
125,2023-10-26T21:00:00+00:00,0.0,16.11,61.0,1016.0,7.9,332.0,0.0,0.0,8.88889,16.0934,0.0,97.9307,-10.7506
126,2023-10-26T22:00:00+00:00,0.0,16.0,59.0,1016.0,8.49,330.0,0.0,0.0,8.33333,16.0934,0.0,106.314,1.28129
127,2023-10-26T23:00:00+00:00,0.0,16.29,57.0,1017.0,8.95,330.0,0.0,0.0,7.77778,16.0934,1.0,115.454,12.7819
128,2023-10-27T00:00:00+00:00,0.0,16.61,55.0,1017.0,9.86,331.0,0.0,0.0,7.22222,16.0934,2.0,126.116,23.3621
129,2023-10-27T01:00:00+00:00,0.0,16.7,53.0,1017.0,10.22,331.0,0.0,0.0,6.66667,16.0934,3.0,139.145,32.4327
130,2023-10-27T02:00:00+00:00,0.0,16.68,52.0,1017.0,10.07,330.0,0.0,0.0,6.66667,16.0934,4.0,155.231,39.1246
131,2023-10-27T03:00:00+00:00,0.0,16.69,51.0,1017.0,9.99,330.0,0.0,0.0,6.11111,16.0934,4.0,174.11,42.3907
132,2023-10-27T04:00:00+00:00,0.0,16.64,51.0,1016.0,9.65,330.0,0.0,0.0,6.11111,16.0934,4.0,193.798,41.5202
133,2023-10-27T05:00:00+00:00,0.0,16.61,51.0,1016.0,9.78,331.0,0.0,0.0,6.11111,16.0934,3.0,211.66,36.7182
134,2023-10-27T06:00:00+00:00,0.0,16.61,51.0,1016.0,9.92,333.0,0.0,0.0,6.66667,16.0934,2.0,226.431,28.9205
135,2023-10-27T07:00:00+00:00,0.0,16.45,52.0,1016.0,9.61,337.0,0.0,0.0,7.22222,16.0934,1.0,238.37,19.1366
136,2023-10-27T08:00:00+00:00,0.0,16.22,54.0,1016.0,9.12,340.0,0.0,0.0,7.77778,16.0934,0.0,248.29,8.11546
137,2023-10-27T09:00:00+00:00,0.0,15.84,57.0,1017.0,8.16,340.0,0.0,0.0,8.88889,16.0934,0.0,257.008,-3.64917
138,2023-10-27T10:00:00+00:00,0.0,15.64,61.0,1017.0,7.56,345.0,0.0,0.0,9.44444,16.0934,0.0,265.255,-15.8233
139,2023-10-27T11:00:00+00:00,0.0,15.43,66.0,1017.0,7.07,351.0,0.0,0.0,10.0,16.0934,0.0,273.787,-28.1428
140,2023-10-27T12:00:00+00:00,0.0,15.28,69.0,1018.0,6.49,357.0,0.0,0.0,10.0,16.0934,0.0,283.632,-40.3226
141,2023-10-27T13:00:00+00:00,0.0,15.13,71.0,1018.0,5.71,2.0,0.0,0.0,10.0,16.0934,0.0,296.625,-51.9051
142,2023-10-27T14:00:00+00:00,0.0,15.01,73.0,1018.0,5.05,3.0,0.0,0.0,10.0,16.0934,0.0,316.499,-61.8662
143,2023-10-27T15:00:00+00:00,0.0,14.98,73.0,1018.0,4.49,360.0,0.0,0.0,10.0,16.0934,0.0,348.517,-67.7014
144,2023-10-27T16:00:00+00:00,0.0,15.46,75.0,1018.0,4.9,355.0,0.0,0.0,11.1111,16.0934,0.0,26.1479,-66.0865
145,2023-10-27T17:00:00+00:00,0.0,15.28,76.0,1018.0,4.74,2.0,0.0,0.0,11.1111,16.0934,0.0,52.8513,-58.1506
146,2023-10-27T18:00:00+00:00,0.0,15.04,76.0,1018.0,4.51,5.0,0.0,0.0,10.5556,16.0934,0.0,69.319,-47.3479
147,2023-10-27T19:00:00+00:00,0.0,14.81,76.0,1017.0,4.12,11.0,0.0,0.0,10.5556,16.0934,0.0,80.7357,-35.4555
148,2023-10-27T20:00:00+00:00,0.0,14.65,76.0,1018.0,3.9,16.0,0.0,0.0,10.0,16.0934,0.0,89.9017,-23.1916
149,2023-10-27T21:00:00+00:00,0.0,14.52,75.0,1018.0,3.54,14.0,0.0,0.0,10.0,16.0934,0.0,98.2311,-10.9178
150,2023-10-27T22:00:00+00:00,0.0,14.52,74.0,1019.0,3.19,16.0,0.0,0.0,10.0,16.0934,0.0,106.601,1.10072
151,2023-10-27T23:00:00+00:00,0.0,14.92,71.0,1019.0,3.07,15.0,0.0,0.0,10.5556,16.0934,1.0,115.733,12.5796
152,2023-10-28T00:00:00+00:00,0.0,15.59,67.0,1020.0,3.18,6.0,0.0,0.0,10.5556,16.0934,2.0,126.384,23.1298
153,2023-10-28T01:00:00+00:00,0.0,16.36,60.0,1020.0,3.61,351.0,0.0,0.0,10.5556,16.0934,3.0,139.387,32.1631
154,2023-10-28T02:00:00+00:00,0.0,17.2,53.0,1020.0,4.43,340.0,0.0,0.0,10.0,16.0934,4.0,155.411,38.8165
155,2023-10-28T03:00:00+00:00,0.0,17.64,52.0,1020.0,5.13,334.0,0.0,0.0,8.88889,16.0934,4.0,174.179,42.0564
156,2023-10-28T04:00:00+00:00,0.0,17.7,55.0,1019.0,5.55,329.0,0.0,0.0,8.88889,16.0934,4.0,193.737,41.1852
157,2023-10-28T05:00:00+00:00,0.0,17.66,57.0,1019.0,5.69,328.0,0.0,0.0,8.88889,16.0934,3.0,211.499,36.4057
158,2023-10-28T06:00:00+00:00,0.0,17.62,59.0,1019.0,5.69,331.0,0.0,0.0,8.33333,16.0934,2.0,226.217,28.6397
159,2023-10-28T07:00:00+00:00,0.0,17.51,61.0,1019.0,5.52,337.0,0.0,0.0,8.33333,16.0934,1.0,238.131,18.8858
160,2023-10-28T08:00:00+00:00,0.0,17.23,63.0,1019.0,5.11,343.0,0.0,0.0,8.88889,16.0934,0.0,248.038,7.88847
161,2023-10-28T09:00:00+00:00,0.0,16.66,65.0,1019.0,4.69,351.0,0.0,0.0,8.88889,16.0934,0.0,256.744,-3.8594
162,2023-10-28T10:00:00+00:00,0.0,16.38,67.0,1020.0,4.37,1.0,0.0,0.0,9.44444,16.0934,0.0,264.974,-16.0243
163,2023-10-28T11:00:00+00:00,0.0,16.14,68.0,1020.0,3.9,5.0,0.0,0.0,9.44444,16.0934,0.0,273.479,-28.3428
164,2023-10-28T12:00:00+00:00,0.0,15.93,68.0,1020.0,3.67,11.0,0.0,0.0,10.0,16.0934,0.0,283.286,-40.5327
165,2023-10-28T13:00:00+00:00,0.0,15.66,68.0,1021.0,3.24,18.0,0.0,0.0,9.44444,16.0934,0.0,296.235,-52.1416
166,2023-10-28T14:00:00+00:00,0.0,15.31,68.0,1021.0,2.48,28.0,0.0,0.0,8.88889,16.0934,0.0,316.119,-62.1517
167,2023-10-28T15:00:00+00:00,0.0,14.98,66.0,1021.0,2.11,34.0,0.0,0.0,8.88889,16.0934,0.0,348.422,-68.036
168,2023-10-28T16:00:00+00:00,6.0,15.54,76.0,1020.0,2.55,82.0,0.0,0.0,11.6667,16.0934,0.0,26.5076,-66.39
169,2023-10-28T17:00:00+00:00,5.0,15.16,77.0,1020.0,2.28,91.0,0.0,0.0,11.6667,16.0934,0.0,53.3106,-58.3844
170,2023-10-28T18:00:00+00:00,4.0,14.88,77.0,1020.0,2.1,100.0,0.0,0.0,11.1111,16.0934,0.0,69.7295,-47.5372
171,2023-10-28T19:00:00+00:00,0.0,14.64,78.0,1020.0,2.54,97.0,0.0,0.0,11.1111,16.0934,0.0,81.0928,-35.624
172,2023-10-28T20:00:00+00:00,0.0,14.43,78.0,1020.0,2.88,97.0,0.0,0.0,10.5556,16.0934,0.0,90.2213,-23.3545
173,2023-10-28T21:00:00+00:00,0.0,14.34,77.0,1020.0,3.0,96.0,0.0,0.0,10.0,16.0934,0.0,98.5273,-11.0855
174,2023-10-28T22:00:00+00:00,0.0,14.32,76.0,1021.0,3.04,99.0,0.0,0.0,9.44444,16.0934,0.0,106.883,0.919604
175,2023-10-28T23:00:00+00:00,0.0,14.72,75.0,1021.0,2.95,104.0,0.0,0.0,10.5556,16.0934,1.0,116.007,12.3769
176,2023-10-29T00:00:00+00:00,0.0,15.47,73.0,1022.0,2.7,112.0,0.0,0.0,11.1111,16.0934,2.0,126.646,22.8974
177,2023-10-29T01:00:00+00:00,0.0,16.31,70.0,1022.0,2.43,125.0,0.0,0.0,11.1111,16.0934,3.0,139.623,31.8942
178,2023-10-29T02:00:00+00:00,1.0,17.17,66.0,1022.0,1.89,159.0,0.0,0.0,11.1111,16.0934,4.0,155.585,38.5102
179,2023-10-29T03:00:00+00:00,2.0,17.79,62.0,1021.0,1.57,207.0,0.0,0.0,11.1111,16.0934,4.0,174.244,41.7251
180,2023-10-29T04:00:00+00:00,3.0,18.19,61.0,1021.0,1.97,245.0,0.0,0.0,11.1111,16.0934,4.0,193.674,40.854
181,2023-10-29T05:00:00+00:00,5.0,18.41,61.0,1020.0,2.33,259.0,0.0,0.0,10.5556,16.0934,3.0,211.339,36.0974
182,2023-10-29T06:00:00+00:00,15.0,18.54,62.0,1020.0,2.61,266.0,0.0,0.0,10.5556,16.0934,2.0,226.003,28.3632
183,2023-10-29T07:00:00+00:00,91.0,18.49,64.0,1020.0,2.52,268.0,0.0,0.0,11.1111,16.0934,1.0,237.892,18.6392
184,2023-10-29T08:00:00+00:00,95.0,18.1,67.0,1020.0,2.16,255.0,0.0,0.0,11.6667,16.0934,0.0,247.786,7.66588
185,2023-10-29T09:00:00+00:00,97.0,17.57,70.0,1021.0,1.61,237.0,0.0,0.0,12.2222,16.0934,0.0,256.48,-4.06506
186,2023-10-29T10:00:00+00:00,92.0,17.29,71.0,1022.0,1.23,201.0,0.0,0.0,12.2222,16.0934,0.0,264.693,-16.2204
187,2023-10-29T11:00:00+00:00,81.0,17.0,72.0,1022.0,1.42,164.0,0.0,0.0,12.2222,16.0934,0.0,273.171,-28.5377
188,2023-10-29T12:00:00+00:00,73.0,16.72,72.0,1022.0,1.86,148.0,0.0,0.0,12.7778,16.0934,0.0,282.939,-40.7373
189,2023-10-29T13:00:00+00:00,43.0,16.48,74.0,1022.0,1.97,137.0,0.0,0.0,12.7778,16.0934,0.0,295.842,-52.3723
190,2023-10-29T14:00:00+00:00,42.0,16.28,75.0,1022.0,2.02,130.0,0.0,0.0,12.2222,16.0934,0.0,315.73,-62.4315
191,2023-10-29T15:00:00+00:00,47.0,16.04,76.0,1022.0,2.08,125.0,0.0,0.0,12.2222,16.0934,0.0,348.318,-68.3666
192,2023-10-29T16:00:00+00:00,3.0,15.73,78.0,1022.0,2.35,121.0,0.0,0.0,11.6667,16.0934,0.0,26.8656,-66.6907
193,2023-10-29T17:00:00+00:00,9.0,15.57,79.0,1022.0,2.31,111.0,0.0,0.0,11.6667,16.0934,0.0,53.7672,-58.6161
194,2023-10-29T18:00:00+00:00,19.0,15.36,79.0,1022.0,2.18,109.0,0.0,0.0,11.1111,16.0934,0.0,70.1361,-47.7254
195,2023-10-29T19:00:00+00:00,78.0,15.21,79.0,1022.0,2.13,106.0,0.0,0.0,11.1111,16.0934,0.0,81.4457,-35.7921
196,2023-10-29T20:00:00+00:00,63.0,15.07,80.0,1022.0,2.22,104.0,0.0,0.0,11.1111,16.0934,0.0,90.5368,-23.5175
197,2023-10-29T21:00:00+00:00,55.0,14.95,80.0,1022.0,2.42,98.0,0.0,0.0,11.1111,16.0934,0.0,98.8191,-11.2536
198,2023-10-29T22:00:00+00:00,48.0,14.82,80.0,1023.0,2.33,105.0,0.0,0.0,10.5556,16.0934,0.0,107.161,0.737974
199,2023-10-29T23:00:00+00:00,43.0,15.18,78.0,1023.0,2.33,104.0,0.0,0.0,11.1111,16.0934,1.0,116.275,12.1738
200,2023-10-30T00:00:00+00:00,42.0,15.79,74.0,1024.0,2.01,103.0,0.0,0.0,11.1111,16.0934,2.0,126.903,22.6649
201,2023-10-30T01:00:00+00:00,37.0,16.43,71.0,1024.0,1.35,113.0,0.0,0.0,11.6667,16.0934,3.0,139.852,31.626
202,2023-10-30T02:00:00+00:00,37.0,16.91,68.0,1024.0,0.47,142.0,0.0,0.0,11.6667,16.0934,4.0,155.751,38.2059
203,2023-10-30T03:00:00+00:00,30.0,17.19,67.0,1023.0,0.74,258.0,0.0,0.0,11.1111,16.0934,4.0,174.303,41.397
204,2023-10-30T04:00:00+00:00,23.0,17.52,65.0,1023.0,1.52,274.0,0.0,0.0,11.1111,16.0934,4.0,193.608,40.5269
205,2023-10-30T05:00:00+00:00,19.0,17.98,64.0,1022.0,2.27,286.0,0.0,0.0,10.5556,16.0934,3.0,211.178,35.7933
206,2023-10-30T06:00:00+00:00,15.0,18.28,63.0,1022.0,2.82,294.0,0.0,0.0,11.1111,16.0934,2.0,225.79,28.091
207,2023-10-30T07:00:00+00:00,2.0,18.21,66.0,1022.0,2.91,301.0,0.0,0.0,11.1111,16.0934,1.0,237.655,18.397
208,2023-10-30T08:00:00+00:00,1.0,17.89,69.0,1022.0,2.88,308.0,0.0,0.0,12.2222,16.0934,0.0,247.536,7.44779
209,2023-10-30T09:00:00+00:00,1.0,17.36,73.0,1023.0,2.91,320.0,0.0,0.0,12.7778,16.0934,0.0,256.218,-4.26604
210,2023-10-30T10:00:00+00:00,1.0,17.12,75.0,1023.0,2.57,333.0,0.0,0.0,12.7778,16.0934,0.0,264.412,-16.4115
211,2023-10-30T11:00:00+00:00,0.0,16.9,76.0,1023.0,2.34,339.0,0.0,0.0,12.7778,16.0934,0.0,272.864,-28.7273
212,2023-10-30T12:00:00+00:00,0.0,16.72,76.0,1024.0,2.17,348.0,0.0,0.0,12.7778,16.0934,0.0,282.592,-40.9363
213,2023-10-30T13:00:00+00:00,0.0,16.54,76.0,1024.0,1.78,7.0,0.0,0.0,12.2222,16.0934,0.0,295.446,-52.5969
214,2023-10-30T14:00:00+00:00,0.0,16.31,76.0,1024.0,1.65,9.0,0.0,0.0,12.2222,16.0934,0.0,315.334,-62.7055
215,2023-10-30T15:00:00+00:00,0.0,16.08,76.0,1023.0,1.44,23.0,0.0,0.0,12.2222,16.0934,0.0,348.203,-68.6931
216,2023-10-30T16:00:00+00:00,0.0,16.0,71.0,1023.0,1.57,13.0,0.0,0.0,11.1111,16.0934,0.0,27.2214,-66.9885
217,2023-10-30T17:00:00+00:00,0.0,15.79,71.0,1023.0,1.63,20.0,0.0,0.0,11.1111,16.0934,0.0,54.2207,-58.8458
218,2023-10-30T18:00:00+00:00,0.0,15.55,71.0,1023.0,1.56,30.0,0.0,0.0,10.5556,16.0934,0.0,70.5386,-47.9126
219,2023-10-30T19:00:00+00:00,0.0,15.33,71.0,1023.0,1.62,39.0,0.0,0.0,10.0,16.0934,0.0,81.7943,-35.96
220,2023-10-30T20:00:00+00:00,0.0,15.11,71.0,1023.0,1.7,46.0,0.0,0.0,10.0,16.0934,0.0,90.8478,-23.6806
221,2023-10-30T21:00:00+00:00,0.0,14.96,71.0,1023.0,1.75,60.0,0.0,0.0,9.44444,16.0934,0.0,99.1064,-11.4221
222,2023-10-30T22:00:00+00:00,0.0,14.8,70.0,1024.0,1.61,66.0,0.0,0.0,9.44444,16.0934,0.0,107.434,0.555848
223,2023-10-30T23:00:00+00:00,0.0,15.17,68.0,1024.0,1.42,68.0,0.0,0.0,9.44444,16.0934,1.0,116.538,11.9704
224,2023-10-31T00:00:00+00:00,0.0,15.81,65.0,1024.0,1.48,82.0,0.0,0.0,10.0,16.0934,1.0,127.153,22.4326
225,2023-10-31T01:00:00+00:00,0.0,16.5,61.0,1024.0,0.76,92.0,0.0,0.0,10.0,16.0934,3.0,140.074,31.3587
226,2023-10-31T02:00:00+00:00,0.0,17.07,58.0,1024.0,0.45,229.0,0.0,0.0,10.0,16.0934,3.0,155.911,37.9035
227,2023-10-31T03:00:00+00:00,0.0,17.6,56.0,1024.0,1.64,241.0,0.0,0.0,9.44444,16.0934,4.0,174.357,41.0722
228,2023-10-31T04:00:00+00:00,0.0,18.17,54.0,1023.0,2.59,251.0,0.0,0.0,9.44444,16.0934,3.0,193.54,40.2038
229,2023-10-31T05:00:00+00:00,0.0,18.56,54.0,1023.0,3.21,258.0,0.0,0.0,9.44444,16.0934,3.0,211.016,35.4937
230,2023-10-31T06:00:00+00:00,0.0,18.68,54.0,1022.0,3.24,257.0,0.0,0.0,9.44444,16.0934,2.0,225.578,27.8232
231,2023-10-31T07:00:00+00:00,0.0,18.55,57.0,1022.0,3.17,252.0,0.0,0.0,10.0,16.0934,1.0,237.419,18.1594
232,2023-10-31T08:00:00+00:00,0.0,18.14,64.0,1022.0,2.93,244.0,0.0,0.0,11.1111,16.0934,0.0,247.287,7.23432
233,2023-10-31T09:00:00+00:00,0.0,17.65,68.0,1023.0,2.63,233.0,0.0,0.0,12.2222,16.0934,0.0,255.956,-4.46224
234,2023-10-31T10:00:00+00:00,0.0,17.52,70.0,1023.0,2.11,213.0,0.0,0.0,12.2222,16.0934,0.0,264.133,-16.5977
235,2023-10-31T11:00:00+00:00,0.0,17.44,70.0,1023.0,2.2,188.0,0.0,0.0,12.2222,16.0934,0.0,272.557,-28.9116
236,2023-10-31T12:00:00+00:00,0.0,17.31,70.0,1023.0,2.62,180.0,0.0,0.0,12.2222,16.0934,0.0,282.244,-41.1295
237,2023-10-31T13:00:00+00:00,6.0,17.16,70.0,1023.0,2.8,178.0,0.0,0.0,12.2222,16.0934,0.0,295.048,-52.8154
238,2023-10-31T14:00:00+00:00,51.0,17.11,71.0,1023.0,3.11,185.0,0.0,0.0,12.2222,16.0934,0.0,314.929,-62.9735
239,2023-10-31T15:00:00+00:00,62.0,17.09,72.0,1022.0,3.48,185.0,0.0,0.0,12.7778,16.0934,0.0,348.078,-69.0154
240,2023-10-31T16:00:00+00:00,4.0,17.18,76.0,1022.0,3.53,181.0,0.0,0.0,12.7778,16.0934,0.0,27.5747,-67.2834
241,2023-10-31T17:00:00+00:00,3.0,17.11,77.0,1022.0,3.19,183.0,0.0,0.0,13.3333,16.0934,0.0,54.6708,-59.0735
242,2023-10-31T18:00:00+00:00,3.0,17.08,79.0,1021.0,3.15,182.0,0.0,0.0,13.3333,16.0934,0.0,70.9367,-48.0988
243,2023-10-31T19:00:00+00:00,0.0,16.99,80.0,1021.0,3.25,180.0,0.0,0.0,13.3333,16.0934,0.0,82.1385,-36.1276
244,2023-10-31T20:00:00+00:00,0.0,17.03,81.0,1021.0,3.33,179.0,0.0,0.0,13.3333,16.0934,0.0,91.1544,-23.8439
245,2023-10-31T21:00:00+00:00,0.0,17.02,82.0,1021.0,3.78,178.0,0.0,0.0,13.8889,16.0934,0.0,99.3892,-11.5911
246,2023-10-31T22:00:00+00:00,0.0,17.07,83.0,1021.0,4.07,177.0,0.0,0.0,13.8889,16.0934,0.0,107.702,0.37326
247,2023-10-31T23:00:00+00:00,0.0,17.47,83.0,1021.0,4.31,174.0,0.0,0.0,14.4444,16.0934,1.0,116.796,11.7666
248,2023-11-01T00:00:00+00:00,0.0,18.42,81.0,1022.0,4.74,185.0,0.0,0.0,15.0,16.0934,2.0,127.398,22.2004
249,2023-11-01T01:00:00+00:00,0.0,19.31,77.0,1022.0,5.87,200.0,0.0,0.0,15.5556,16.0934,3.0,140.29,31.0923
250,2023-11-01T02:00:00+00:00,0.0,19.76,74.0,1021.0,6.5,207.0,0.0,0.0,15.0,16.0934,3.0,156.064,37.6033
251,2023-11-01T03:00:00+00:00,0.0,19.98,72.0,1021.0,6.88,214.0,0.0,0.0,15.0,16.0934,4.0,174.405,40.7507
252,2023-11-01T04:00:00+00:00,0.0,19.96,74.0,1021.0,6.89,222.0,0.0,0.0,15.5556,16.0934,3.0,193.469,39.885
253,2023-11-01T05:00:00+00:00,0.0,19.93,75.0,1020.0,7.09,222.0,0.0,0.0,15.5556,16.0934,3.0,210.855,35.1987
254,2023-11-01T06:00:00+00:00,0.0,19.83,78.0,1020.0,7.02,222.0,0.0,0.0,15.5556,16.0934,2.0,225.366,27.5601
255,2023-11-01T07:00:00+00:00,0.0,19.65,80.0,1020.0,6.69,219.0,0.0,0.0,16.1111,16.0934,1.0,237.184,17.9263
256,2023-11-01T08:00:00+00:00,0.0,19.31,83.0,1019.0,6.83,214.0,0.0,0.0,16.1111,16.0934,0.0,247.039,7.02556
257,2023-11-01T09:00:00+00:00,0.0,18.88,86.0,1020.0,5.83,214.0,0.0,0.0,16.1111,16.0934,0.0,255.695,-4.65356
258,2023-11-01T10:00:00+00:00,0.0,18.63,88.0,1020.0,5.26,209.0,0.0,0.0,16.1111,16.0934,0.0,263.855,-16.7787
259,2023-11-01T11:00:00+00:00,0.0,18.46,89.0,1020.0,5.07,207.0,0.0,0.0,16.1111,16.0934,0.0,272.25,-29.0905
260,2023-11-01T12:00:00+00:00,0.0,18.37,89.0,1020.0,5.1,203.0,0.0,0.0,16.1111,16.0934,0.0,281.895,-41.3168
261,2023-11-01T13:00:00+00:00,0.0,18.27,89.0,1020.0,5.19,199.0,0.0,0.0,16.1111,16.0934,0.0,294.646,-53.0277
262,2023-11-01T14:00:00+00:00,0.0,18.23,89.0,1020.0,5.2,201.0,0.0,0.0,16.1111,16.0934,0.0,314.515,-63.2354
263,2023-11-01T15:00:00+00:00,0.0,18.16,88.0,1020.0,4.83,202.0,0.0,0.0,16.1111,16.0934,0.0,347.942,-69.3334
264,2023-11-01T16:00:00+00:00,0.0,18.23,90.0,1020.0,3.71,187.0,0.0,0.0,15.5556,16.0934,0.0,27.925,-67.5754
265,2023-11-01T17:00:00+00:00,0.0,18.09,90.0,1020.0,3.55,181.0,0.0,0.0,15.5556,16.0934,0.0,55.1171,-59.2992
266,2023-11-01T18:00:00+00:00,0.0,17.99,90.0,1020.0,3.43,179.0,0.0,0.0,15.5556,16.0934,0.0,71.3303,-48.2839
267,2023-11-01T19:00:00+00:00,0.0,17.93,89.0,1020.0,3.25,177.0,0.0,0.0,15.5556,16.0934,0.0,82.478,-36.2949
268,2023-11-01T20:00:00+00:00,0.0,17.9,89.0,1020.0,3.32,176.0,0.0,0.0,15.5556,16.0934,0.0,91.4564,-24.0074
269,2023-11-01T21:00:00+00:00,0.0,17.85,89.0,1020.0,3.59,178.0,0.0,0.0,15.0,16.0934,0.0,99.6672,-11.7604
270,2023-11-01T22:00:00+00:00,0.0,17.82,89.0,1020.0,3.52,177.0,0.0,0.0,15.5556,16.0934,0.0,107.965,0.190246
271,2023-11-01T23:00:00+00:00,0.0,18.13,87.0,1020.0,3.41,173.0,0.0,0.0,16.1111,16.0934,1.0,117.048,11.5626
272,2023-11-02T00:00:00+00:00,0.0,18.84,84.0,1021.0,3.82,180.0,0.0,0.0,16.6667,16.0934,1.0,127.636,21.9684
273,2023-11-02T01:00:00+00:00,0.0,19.51,79.0,1021.0,4.52,191.0,0.0,0.0,16.1111,16.0934,3.0,140.498,30.827
274,2023-11-02T02:00:00+00:00,0.0,20.02,75.0,1020.0,4.93,198.0,0.0,0.0,15.5556,16.0934,3.0,156.211,37.3053
275,2023-11-02T03:00:00+00:00,0.0,20.26,72.0,1020.0,4.98,201.0,0.0,0.0,15.0,16.0934,4.0,174.449,40.4328
276,2023-11-02T04:00:00+00:00,0.0,20.36,72.0,1019.0,4.95,205.0,0.0,0.0,15.0,16.0934,3.0,193.395,39.5705
277,2023-11-02T05:00:00+00:00,0.0,20.38,71.0,1018.0,5.11,207.0,0.0,0.0,14.4444,16.0934,3.0,210.692,34.9082
278,2023-11-02T06:00:00+00:00,0.0,20.37,71.0,1018.0,5.24,207.0,0.0,0.0,14.4444,16.0934,2.0,225.155,27.3016
279,2023-11-02T07:00:00+00:00,0.0,20.14,72.0,1018.0,5.23,205.0,0.0,0.0,15.0,16.0934,1.0,236.95,17.698
280,2023-11-02T08:00:00+00:00,0.0,19.74,74.0,1018.0,4.95,201.0,0.0,0.0,15.0,16.0934,0.0,246.792,6.82163
281,2023-11-02T09:00:00+00:00,0.0,19.14,77.0,1018.0,4.54,193.0,0.0,0.0,15.0,16.0934,0.0,255.436,-4.83991
282,2023-11-02T10:00:00+00:00,0.0,18.88,78.0,1018.0,3.89,182.0,0.0,0.0,15.0,16.0934,0.0,263.577,-16.9546
283,2023-11-02T11:00:00+00:00,0.0,18.63,79.0,1018.0,3.57,167.0,0.0,0.0,15.0,16.0934,0.0,271.944,-29.2638
284,2023-11-02T12:00:00+00:00,0.0,18.38,79.0,1018.0,3.6,155.0,0.0,0.0,15.0,16.0934,0.0,281.547,-41.4983
285,2023-11-02T13:00:00+00:00,0.0,18.18,80.0,1018.0,3.58,152.0,0.0,0.0,15.0,16.0934,0.0,294.242,-53.2336
286,2023-11-02T14:00:00+00:00,0.0,18.06,81.0,1018.0,3.83,151.0,0.0,0.0,15.0,16.0934,0.0,314.094,-63.491
287,2023-11-02T15:00:00+00:00,0.0,17.91,81.0,1017.0,3.94,144.0,0.0,0.0,15.0,16.0934,0.0,347.794,-69.6468
288,2023-11-02T16:00:00+00:00,0.0,17.87,84.0,1017.0,4.29,148.0,0.0,0.0,15.5556,16.0934,0.0,28.2719,-67.8644
289,2023-11-02T17:00:00+00:00,0.0,17.83,84.0,1017.0,3.07,145.0,0.0,0.0,15.5556,16.0934,0.0,55.5595,-59.523
290,2023-11-02T18:00:00+00:00,0.0,17.83,85.0,1017.0,2.21,160.0,0.0,0.0,15.0,16.0934,0.0,71.7191,-48.4681
291,2023-11-02T19:00:00+00:00,0.0,17.77,85.0,1017.0,2.65,156.0,0.0,0.0,15.0,16.0934,0.0,82.8127,-36.4619
292,2023-11-02T20:00:00+00:00,0.0,17.67,85.0,1017.0,2.11,151.0,0.0,0.0,15.0,16.0934,0.0,91.7536,-24.1711
293,2023-11-02T21:00:00+00:00,0.0,17.55,85.0,1016.0,3.15,140.0,0.0,0.0,15.0,16.0934,0.0,99.9404,-11.9301
294,2023-11-02T22:00:00+00:00,0.0,17.46,85.0,1017.0,3.42,139.0,0.0,0.0,15.0,16.0934,0.0,108.223,0.00684906
295,2023-11-02T23:00:00+00:00,0.0,17.76,84.0,1017.0,3.47,137.0,0.0,0.0,15.5556,16.0934,1.0,117.295,11.3585
296,2023-11-03T00:00:00+00:00,0.0,18.63,82.0,1018.0,3.13,159.0,0.0,0.0,15.5556,9.65606,2.0,127.868,21.7367
297,2023-11-03T01:00:00+00:00,0.0,19.52,80.0,1018.0,3.9,184.0,0.0,0.0,16.1111,16.0934,3.0,140.7,30.5629
298,2023-11-03T02:00:00+00:00,0.0,20.13,78.0,1018.0,4.36,200.0,0.0,0.0,16.1111,16.0934,3.0,156.35,37.0097
299,2023-11-03T03:00:00+00:00,0.0,20.36,77.0,1017.0,4.96,202.0,0.0,0.0,16.1111,9.65606,3.0,174.487,40.1184
300,2023-11-03T04:00:00+00:00,0.0,20.4,77.0,1016.0,5.11,206.0,0.0,0.0,16.1111,16.0934,3.0,193.319,39.2605
301,2023-11-03T05:00:00+00:00,0.0,20.36,77.0,1016.0,5.02,210.0,0.0,0.0,16.6667,16.0934,3.0,210.53,34.6225
302,2023-11-03T06:00:00+00:00,2.0,20.37,78.0,1016.0,4.6,203.0,0.0,0.0,16.6667,16.0934,2.0,224.945,27.048
303,2023-11-03T07:00:00+00:00,64.0,20.23,79.0,1016.0,4.23,210.0,0.0,0.0,16.6667,16.0934,1.0,236.717,17.4746
304,2023-11-03T08:00:00+00:00,82.0,19.86,82.0,1016.0,3.9,197.0,0.0,0.0,16.6667,11.2654,0.0,246.546,6.62261
305,2023-11-03T09:00:00+00:00,61.0,19.37,85.0,1016.0,3.12,198.0,0.0,0.0,17.2222,11.2654,0.0,255.178,-5.02119
306,2023-11-03T10:00:00+00:00,59.0,19.24,85.0,1017.0,2.68,189.0,0.0,0.0,16.6667,9.65606,0.0,263.301,-17.1251
307,2023-11-03T11:00:00+00:00,67.0,19.24,84.0,1017.0,2.89,169.0,0.0,0.0,16.6667,9.65606,0.0,271.639,-29.4316
308,2023-11-03T12:00:00+00:00,71.0,19.16,82.0,1017.0,3.08,150.0,0.0,0.0,16.6667,8.04672,0.0,281.198,-41.6738
309,2023-11-03T13:00:00+00:00,93.0,18.93,82.0,1017.0,2.95,141.0,0.0,0.0,16.6667,8.04672,0.0,293.836,-53.4331
310,2023-11-03T14:00:00+00:00,96.0,18.5,84.0,1018.0,2.4,150.0,0.0,0.0,16.6667,8.04672,0.0,313.664,-63.7402
311,2023-11-03T15:00:00+00:00,98.0,18.45,84.0,1017.0,1.62,149.0,0.11,0.0,16.6667,8.04672,0.0,347.635,-69.9557
312,2023-11-03T16:00:00+00:00,99.0,18.69,85.0,1017.0,2.2,151.0,0.0,0.0,16.1111,8.04672,0.0,28.615,-68.1504
313,2023-11-03T17:00:00+00:00,99.0,18.53,87.0,1018.0,0.9,166.0,0.0,0.0,16.1111,8.04672,0.0,55.9975,-59.7447
314,2023-11-03T18:00:00+00:00,99.0,17.85,89.0,1018.0,0.52,121.0,0.23,0.0,16.1111,8.04672,0.0,72.1029,-48.6513
315,2023-11-03T19:00:00+00:00,100.0,17.96,89.0,1017.0,1.76,109.0,0.0,0.0,16.1111,8.04672,0.0,83.1424,-36.6287
316,2023-11-03T20:00:00+00:00,100.0,17.86,89.0,1018.0,1.31,95.0,0.0,0.0,16.1111,8.04672,0.0,92.0459,-24.335
317,2023-11-03T21:00:00+00:00,97.0,17.62,90.0,1018.0,1.24,81.0,0.1,0.0,16.1111,8.04672,0.0,100.209,-12.1002
318,2023-11-03T22:00:00+00:00,98.0,17.73,90.0,1018.0,1.6,56.0,0.0,0.0,16.1111,8.04672,0.0,108.476,-0.176881
319,2023-11-03T23:00:00+00:00,96.0,18.03,89.0,1019.0,2.09,53.0,0.0,0.0,16.6667,8.04672,0.0,117.536,11.1542
320,2023-11-04T00:00:00+00:00,96.0,18.5,87.0,1019.0,2.35,68.0,0.0,0.0,16.6667,8.04672,1.0,128.093,21.5055
321,2023-11-04T01:00:00+00:00,99.0,19.08,84.0,1019.0,1.75,65.0,0.0,0.0,16.6667,8.04672,2.0,140.895,30.3
322,2023-11-04T02:00:00+00:00,100.0,19.53,82.0,1019.0,1.67,47.0,0.0,0.0,16.6667,9.65606,2.0,156.483,36.7165
323,2023-11-04T03:00:00+00:00,100.0,20.04,81.0,1019.0,0.78,96.0,0.0,0.0,17.2222,9.65606,2.0,174.521,39.8077
324,2023-11-04T04:00:00+00:00,100.0,20.35,79.0,1018.0,0.41,86.0,0.0,0.0,16.6667,9.65606,1.0,193.241,38.955
325,2023-11-04T05:00:00+00:00,100.0,20.29,79.0,1018.0,1.43,262.0,0.0,0.0,16.6667,9.65606,1.0,210.367,34.3417
326,2023-11-04T06:00:00+00:00,100.0,20.37,79.0,1019.0,2.07,255.0,0.0,0.0,16.6667,9.65606,1.0,224.735,26.7992
327,2023-11-04T07:00:00+00:00,100.0,20.03,81.0,1018.0,0.5,89.0,0.11,0.0,16.6667,9.65606,1.0,236.485,17.2561
328,2023-11-04T08:00:00+00:00,100.0,19.97,81.0,1019.0,1.38,352.0,0.0,0.0,16.6667,9.65606,0.0,246.302,6.42861
329,2023-11-04T09:00:00+00:00,100.0,19.59,82.0,1019.0,2.05,71.0,0.16,0.0,16.6667,8.04672,0.0,254.921,-5.19732
330,2023-11-04T10:00:00+00:00,100.0,19.7,81.0,1019.0,4.09,104.0,0.0,0.0,16.6667,9.65606,0.0,263.025,-17.2903
331,2023-11-04T11:00:00+00:00,100.0,19.39,83.0,1019.0,4.06,100.0,0.0,0.0,16.6667,9.65606,0.0,271.335,-29.5937
332,2023-11-04T12:00:00+00:00,100.0,19.05,85.0,1020.0,3.54,118.0,0.0,0.0,16.6667,9.65606,0.0,280.85,-41.8431
333,2023-11-04T13:00:00+00:00,100.0,18.83,87.0,1020.0,4.8,107.0,0.0,0.0,16.6667,9.65606,0.0,293.428,-53.6261
334,2023-11-04T14:00:00+00:00,100.0,18.47,89.0,1020.0,4.75,100.0,0.25,0.0,16.6667,8.04672,0.0,313.227,-63.9828
335,2023-11-04T15:00:00+00:00,100.0,18.38,87.0,1020.0,4.72,111.0,0.32,0.0,16.6667,8.04672,0.0,347.463,-70.2597
336,2023-11-04T16:00:00+00:00,100.0,18.4,89.0,1020.0,7.45,119.0,0.23,0.0,16.6667,8.04672,0.0,28.9539,-68.4333
337,2023-11-04T17:00:00+00:00,100.0,18.53,88.0,1019.0,7.56,111.0,0.17,0.0,16.6667,6.43738,0.0,56.4308,-59.9645
338,2023-11-04T18:00:00+00:00,100.0,18.42,89.0,1019.0,7.16,120.0,0.81,0.0,16.6667,6.43738,0.0,72.4814,-48.8336
339,2023-11-04T19:00:00+00:00,100.0,18.58,90.0,1019.0,7.23,120.0,1.87,0.0,16.6667,6.43738,0.0,83.467,-36.7952
340,2023-11-04T20:00:00+00:00,100.0,18.77,89.0,1019.0,6.05,121.0,1.04,0.0,16.6667,6.43738,0.0,92.3332,-24.4989
341,2023-11-04T21:00:00+00:00,100.0,18.62,89.0,1019.0,5.0,106.0,0.76,0.0,17.2222,6.43738,0.0,100.472,-12.2706
342,2023-11-04T22:00:00+00:00,100.0,18.58,89.0,1019.0,5.75,112.0,0.31,0.0,17.2222,16.0934,0.0,108.723,-0.360892
343,2023-11-04T23:00:00+00:00,100.0,18.72,87.0,1020.0,6.78,118.0,0.11,0.0,16.6667,16.0934,0.0,117.771,10.95
344,2023-11-05T00:00:00+00:00,100.0,18.74,87.0,1020.0,7.35,120.0,0.1,0.0,16.1111,9.65606,0.0,128.313,21.2748
345,2023-11-05T01:00:00+00:00,100.0,19.04,86.0,1019.0,8.04,122.0,0.0,0.0,16.1111,9.65606,1.0,141.083,30.0385
346,2023-11-05T02:00:00+00:00,100.0,19.17,86.0,1019.0,7.77,123.0,0.15,0.0,16.6667,9.65606,1.0,156.61,36.426
347,2023-11-05T03:00:00+00:00,100.0,20.01,83.0,1018.0,8.18,127.0,0.11,0.0,17.2222,9.65606,1.0,174.549,39.5009
348,2023-11-05T04:00:00+00:00,99.0,20.73,78.0,1017.0,10.0,138.0,0.0,0.0,17.7778,9.65606,1.0,193.16,38.6541
349,2023-11-05T05:00:00+00:00,93.0,21.59,75.0,1016.0,10.84,149.0,0.16,0.0,17.7778,9.65606,1.0,210.203,34.0658
350,2023-11-05T06:00:00+00:00,88.0,21.47,77.0,1015.0,10.68,148.0,0.0,0.0,18.3333,9.65606,0.0,224.526,26.5555
351,2023-11-05T07:00:00+00:00,82.0,21.16,79.0,1015.0,10.24,147.0,0.0,0.0,18.3333,16.0934,0.0,236.254,17.0426
352,2023-11-05T08:00:00+00:00,86.0,20.7,82.0,1014.0,10.19,148.0,0.11,0.0,17.7778,16.0934,0.0,246.059,6.23971
353,2023-11-05T09:00:00+00:00,91.0,20.49,83.0,1014.0,10.54,149.0,0.13,0.0,17.7778,16.0934,0.0,254.665,-5.36821
354,2023-11-05T10:00:00+00:00,93.0,20.57,84.0,1014.0,11.1,150.0,0.0,0.0,17.7778,8.04672,0.0,262.751,-17.4501
355,2023-11-05T11:00:00+00:00,95.0,20.63,84.0,1013.0,11.48,156.0,0.0,0.0,17.7778,8.04672,0.0,271.032,-29.75
356,2023-11-05T12:00:00+00:00,95.0,20.67,84.0,1012.0,11.3,165.0,0.0,0.0,17.7778,8.04672,0.0,280.502,-42.0064
357,2023-11-05T13:00:00+00:00,100.0,20.66,84.0,1012.0,11.15,170.0,0.0,0.0,17.7778,8.04672,0.0,293.018,-53.8124
358,2023-11-05T14:00:00+00:00,100.0,20.24,88.0,1011.0,11.43,178.0,0.9,0.0,18.3333,8.04672,0.0,312.782,-64.2187
359,2023-11-05T15:00:00+00:00,100.0,20.43,87.0,1010.0,12.56,180.0,1.67,0.0,18.3333,8.04672,0.0,347.279,-70.5589
360,2023-11-05T16:00:00+00:00,100.0,20.74,85.0,1009.0,12.5,176.0,0.58,0.0,18.3333,8.04672,0.0,29.2881,-68.7132
361,2023-11-05T17:00:00+00:00,100.0,20.72,87.0,1008.0,15.87,183.0,1.5,0.0,18.8889,6.43738,0.0,56.8591,-60.1823
362,2023-11-05T18:00:00+00:00,100.0,19.97,94.0,1007.0,14.93,189.0,3.37,0.0,18.8889,6.43738,0.0,72.8545,-49.015
363,2023-11-05T19:00:00+00:00,100.0,19.85,95.0,1007.0,13.21,218.0,8.46,0.0,18.8889,0.402336,0.0,83.7863,-36.9615
364,2023-11-05T20:00:00+00:00,100.0,19.26,91.0,1008.0,8.93,246.0,0.57,0.0,18.3333,0.402336,0.0,92.6154,-24.663
365,2023-11-05T21:00:00+00:00,100.0,18.99,91.0,1009.0,11.08,260.0,0.14,0.0,17.7778,0.402336,0.0,100.73,-12.4412
366,2023-11-05T22:00:00+00:00,100.0,18.22,87.0,1010.0,9.68,271.0,0.0,0.0,16.6667,9.65606,0.0,108.965,-0.545124
367,2023-11-05T23:00:00+00:00,100.0,17.82,85.0,1011.0,10.63,292.0,0.17,0.0,15.0,9.65606,0.0,118.0,10.7457
368,2023-11-06T00:00:00+00:00,100.0,17.21,79.0,1012.0,10.56,302.0,0.11,0.0,13.3333,9.65606,0.0,128.525,21.0447
369,2023-11-06T01:00:00+00:00,100.0,17.37,75.0,1013.0,9.53,291.0,0.0,0.0,12.7778,16.0934,1.0,141.265,29.7786
370,2023-11-06T02:00:00+00:00,100.0,17.44,72.0,1013.0,10.5,288.0,0.14,0.0,12.2222,16.0934,1.0,156.729,36.1382
371,2023-11-06T03:00:00+00:00,100.0,17.3,68.0,1013.0,10.87,284.0,0.0,0.0,11.6667,16.0934,3.0,174.572,39.1981
372,2023-11-06T04:00:00+00:00,98.0,16.89,60.0,1013.0,12.46,283.0,0.0,0.0,10.5556,9.65606,3.0,193.076,38.3581
373,2023-11-06T05:00:00+00:00,97.0,16.54,55.0,1013.0,10.76,277.0,0.0,0.0,9.44444,16.0934,3.0,210.039,33.795
374,2023-11-06T06:00:00+00:00,94.0,16.77,57.0,1014.0,12.24,272.0,0.0,0.0,8.33333,16.0934,2.0,224.318,26.317
375,2023-11-06T07:00:00+00:00,91.0,16.11,55.0,1014.0,12.65,277.0,0.0,0.0,7.77778,16.0934,1.0,236.025,16.8343
376,2023-11-06T08:00:00+00:00,91.0,15.1,56.0,1015.0,12.75,285.0,0.0,0.0,6.66667,16.0934,0.0,245.817,6.05601
377,2023-11-06T09:00:00+00:00,86.0,14.47,56.0,1016.0,12.19,286.0,0.0,0.0,6.66667,16.0934,0.0,254.411,-5.5338
378,2023-11-06T10:00:00+00:00,67.0,14.56,55.0,1017.0,12.51,281.0,0.0,0.0,6.11111,16.0934,0.0,262.479,-17.6043
379,2023-11-06T11:00:00+00:00,56.0,14.32,54.0,1017.0,12.83,284.0,0.0,0.0,6.11111,16.0934,0.0,270.73,-29.9005
380,2023-11-06T12:00:00+00:00,50.0,14.43,53.0,1018.0,13.28,284.0,0.0,0.0,5.55556,16.0934,0.0,280.155,-42.1634
381,2023-11-06T13:00:00+00:00,69.0,14.38,50.0,1018.0,13.77,289.0,0.0,0.0,5.55556,16.0934,0.0,292.607,-53.992
382,2023-11-06T14:00:00+00:00,66.0,14.07,50.0,1018.0,13.6,290.0,0.0,0.0,5.0,16.0934,0.0,312.33,-64.4478
383,2023-11-06T15:00:00+00:00,46.0,13.47,52.0,1019.0,13.06,294.0,0.0,0.0,4.44444,16.0934,0.0,347.082,-70.853
384,2023-11-06T16:00:00+00:00,69.0,13.15,52.0,1018.0,14.42,293.0,0.0,0.0,3.88889,16.0934,0.0,29.6171,-68.9898
385,2023-11-06T17:00:00+00:00,57.0,12.56,55.0,1019.0,13.3,298.0,0.0,0.0,3.88889,16.0934,0.0,57.2821,-60.3981
386,2023-11-06T18:00:00+00:00,49.0,12.42,57.0,1019.0,11.51,307.0,0.0,0.0,4.44444,16.0934,0.0,73.222,-49.1954
387,2023-11-06T19:00:00+00:00,16.0,12.91,59.0,1019.0,10.63,309.0,0.0,0.0,5.0,16.0934,0.0,84.1002,-37.1275
388,2023-11-06T20:00:00+00:00,25.0,13.24,60.0,1019.0,10.81,311.0,0.0,0.0,5.55556,16.0934,0.0,92.8923,-24.8272
389,2023-11-06T21:00:00+00:00,50.0,13.49,62.0,1020.0,10.6,313.0,0.0,0.0,6.66667,16.0934,0.0,100.983,-12.6121
390,2023-11-06T22:00:00+00:00,62.0,13.76,62.0,1020.0,10.28,318.0,0.0,0.0,7.22222,16.0934,0.0,109.202,-0.729514
391,2023-11-06T23:00:00+00:00,70.0,13.96,65.0,1021.0,9.94,328.0,0.0,0.0,7.77778,16.0934,1.0,118.224,10.5417
392,2023-11-07T00:00:00+00:00,75.0,13.87,64.0,1022.0,9.64,333.0,0.0,0.0,7.77778,16.0934,2.0,128.732,20.8153
393,2023-11-07T01:00:00+00:00,100.0,14.18,59.0,1022.0,9.79,328.0,0.0,0.0,7.77778,16.0934,3.0,141.439,29.5203
394,2023-11-07T02:00:00+00:00,89.0,14.22,58.0,1022.0,9.83,330.0,0.0,0.0,7.22222,16.0934,3.0,156.843,35.8532
395,2023-11-07T03:00:00+00:00,63.0,13.88,58.0,1022.0,9.51,330.0,0.0,0.0,6.66667,16.0934,3.0,174.59,38.8993
396,2023-11-07T04:00:00+00:00,48.0,13.56,60.0,1022.0,9.31,333.0,0.0,0.0,6.11111,16.0934,3.0,192.99,38.0669
397,2023-11-07T05:00:00+00:00,40.0,12.97,60.0,1022.0,8.87,335.0,0.0,0.0,6.11111,16.0934,3.0,209.875,33.5294
398,2023-11-07T06:00:00+00:00,34.0,12.81,59.0,1022.0,8.21,336.0,0.0,0.0,5.55556,16.0934,2.0,224.11,26.0836
399,2023-11-07T07:00:00+00:00,3.0,12.61,59.0,1023.0,7.93,342.0,0.0,0.0,5.55556,16.0934,1.0,235.797,16.6312
400,2023-11-07T08:00:00+00:00,2.0,12.34,59.0,1023.0,7.62,349.0,0.0,0.0,5.55556,16.0934,0.0,245.577,5.87758
401,2023-11-07T09:00:00+00:00,1.0,11.95,60.0,1023.0,7.3,356.0,0.0,0.0,5.0,16.0934,0.0,254.159,-5.69401
402,2023-11-07T10:00:00+00:00,1.0,11.66,61.0,1023.0,6.7,3.0,0.0,0.0,5.0,16.0934,0.0,262.208,-17.753
403,2023-11-07T11:00:00+00:00,1.0,11.4,62.0,1024.0,6.06,8.0,0.0,0.0,5.0,16.0934,0.0,270.43,-30.0452
404,2023-11-07T12:00:00+00:00,1.0,11.26,62.0,1024.0,5.6,10.0,0.0,0.0,4.44444,16.0934,0.0,279.809,-42.3141
405,2023-11-07T13:00:00+00:00,0.0,11.08,63.0,1024.0,5.05,10.0,0.0,0.0,4.44444,16.0934,0.0,292.195,-54.1648
406,2023-11-07T14:00:00+00:00,0.0,10.92,64.0,1023.0,5.75,9.0,0.0,0.0,4.44444,16.0934,0.0,311.871,-64.6699
407,2023-11-07T15:00:00+00:00,0.0,10.69,65.0,1023.0,5.69,11.0,0.0,0.0,3.88889,16.0934,0.0,346.871,-71.1419
408,2023-11-07T16:00:00+00:00,0.0,10.18,66.0,1022.0,5.62,17.0,0.0,0.0,3.33333,16.0934,0.0,29.9406,-69.2633
409,2023-11-07T17:00:00+00:00,0.0,9.9,66.0,1023.0,5.17,20.0,0.0,0.0,2.77778,16.0934,0.0,57.6995,-60.612
410,2023-11-07T18:00:00+00:00,0.0,9.55,65.0,1023.0,4.16,23.0,0.0,0.0,2.22222,16.0934,0.0,73.5836,-49.3749
411,2023-11-07T19:00:00+00:00,0.0,9.4,64.0,1022.0,4.68,21.0,0.0,0.0,2.22222,16.0934,0.0,84.4084,-37.2933
412,2023-11-07T20:00:00+00:00,0.0,9.27,62.0,1022.0,4.6,25.0,0.0,0.0,2.22222,16.0934,0.0,93.1639,-24.9915
413,2023-11-07T21:00:00+00:00,0.0,9.15,61.0,1022.0,4.54,25.0,0.0,0.0,2.22222,16.0934,0.0,101.23,-12.7832
414,2023-11-07T22:00:00+00:00,0.0,8.94,60.0,1023.0,4.08,38.0,0.0,0.0,1.66667,16.0934,0.0,109.433,-0.913995
415,2023-11-07T23:00:00+00:00,0.0,9.14,57.0,1023.0,3.08,43.0,0.0,0.0,1.66667,16.0934,1.0,118.441,10.3378
416,2023-11-08T00:00:00+00:00,1.0,9.82,53.0,1024.0,2.63,50.0,0.0,0.0,1.66667,16.0934,2.0,128.932,20.5867
417,2023-11-08T01:00:00+00:00,27.0,10.83,50.0,1023.0,3.16,96.0,0.0,0.0,2.22222,16.0934,3.0,141.606,29.2637
418,2023-11-08T02:00:00+00:00,31.0,12.51,46.0,1023.0,3.76,126.0,0.0,0.0,2.22222,16.0934,3.0,156.949,35.5712
419,2023-11-08T03:00:00+00:00,22.0,14.36,41.0,1022.0,3.44,153.0,0.0,0.0,2.22222,16.0934,3.0,174.604,38.6047
420,2023-11-08T04:00:00+00:00,19.0,15.57,37.0,1022.0,2.66,192.0,0.0,0.0,2.22222,16.0934,3.0,192.902,37.7806
421,2023-11-08T05:00:00+00:00,21.0,15.86,39.0,1021.0,2.51,226.0,0.0,0.0,2.22222,16.0934,3.0,209.71,33.2691
422,2023-11-08T06:00:00+00:00,18.0,15.85,40.0,1021.0,2.22,238.0,0.0,0.0,2.22222,16.0934,2.0,223.903,25.8556
423,2023-11-08T07:00:00+00:00,14.0,15.8,41.0,1021.0,0.92,192.0,0.0,0.0,2.77778,16.0934,1.0,235.57,16.4334
424,2023-11-08T08:00:00+00:00,10.0,15.66,44.0,1021.0,1.41,151.0,0.0,0.0,2.77778,16.0934,0.0,245.338,5.7045
425,2023-11-08T09:00:00+00:00,8.0,15.18,48.0,1021.0,1.85,130.0,0.0,0.0,3.88889,16.0934,0.0,253.908,-5.84876
426,2023-11-08T10:00:00+00:00,8.0,14.77,52.0,1022.0,2.02,133.0,0.0,0.0,4.44444,16.0934,0.0,261.939,-17.896
427,2023-11-08T11:00:00+00:00,13.0,14.35,55.0,1022.0,3.13,130.0,0.0,0.0,6.11111,16.0934,0.0,270.131,-30.184
428,2023-11-08T12:00:00+00:00,27.0,14.01,58.0,1022.0,4.37,135.0,0.0,0.0,6.66667,16.0934,0.0,279.463,-42.4585
429,2023-11-08T13:00:00+00:00,96.0,13.84,60.0,1022.0,4.96,139.0,0.0,0.0,7.22222,16.0934,0.0,291.781,-54.3308
430,2023-11-08T14:00:00+00:00,86.0,13.69,64.0,1022.0,4.28,131.0,0.0,0.0,7.77778,16.0934,0.0,311.404,-64.8849
431,2023-11-08T15:00:00+00:00,90.0,13.47,66.0,1022.0,3.18,138.0,0.0,0.0,7.77778,16.0934,0.0,346.646,-71.4254
432,2023-11-08T16:00:00+00:00,40.0,13.43,60.0,1022.0,1.4,108.0,0.0,0.0,6.66667,16.0934,0.0,30.2579,-69.5335
433,2023-11-08T17:00:00+00:00,37.0,13.2,63.0,1022.0,3.09,87.0,0.0,0.0,6.66667,16.0934,0.0,58.1108,-60.8239
434,2023-11-08T18:00:00+00:00,45.0,12.95,65.0,1022.0,3.75,86.0,0.0,0.0,6.66667,16.0934,0.0,73.9391,-49.5535
435,2023-11-08T19:00:00+00:00,100.0,12.81,67.0,1022.0,3.78,79.0,0.0,0.0,6.66667,16.0934,0.0,84.7109,-37.4587
436,2023-11-08T20:00:00+00:00,100.0,12.81,70.0,1021.0,3.84,80.0,0.0,0.0,7.22222,16.0934,0.0,93.4299,-25.1558
437,2023-11-08T21:00:00+00:00,98.0,12.91,74.0,1021.0,3.89,92.0,0.0,0.0,7.77778,16.0934,0.0,101.472,-12.9544
438,2023-11-08T22:00:00+00:00,98.0,13.34,75.0,1021.0,3.06,112.0,0.0,0.0,8.33333,16.0934,0.0,109.659,-1.0985
439,2023-11-08T23:00:00+00:00,98.0,13.69,76.0,1022.0,2.55,114.0,0.0,0.0,8.88889,16.0934,1.0,118.653,10.1343
440,2023-11-09T00:00:00+00:00,99.0,14.23,76.0,1022.0,3.46,120.0,0.0,0.0,8.88889,16.0934,1.0,129.125,20.3591
441,2023-11-09T01:00:00+00:00,86.0,15.3,73.0,1022.0,3.18,129.0,0.0,0.0,10.0,16.0934,1.0,141.767,29.0091
442,2023-11-09T02:00:00+00:00,93.0,16.42,72.0,1021.0,3.58,139.0,0.0,0.0,11.1111,16.0934,2.0,157.049,35.2923
443,2023-11-09T03:00:00+00:00,95.0,17.4,71.0,1021.0,3.26,157.0,0.0,0.0,11.6667,16.0934,2.0,174.612,38.3144
444,2023-11-09T04:00:00+00:00,97.0,18.0,69.0,1020.0,3.28,167.0,0.0,0.0,12.2222,16.0934,2.0,192.811,37.4995
445,2023-11-09T05:00:00+00:00,97.0,18.41,68.0,1019.0,3.02,161.0,0.0,0.0,12.2222,16.0934,1.0,209.545,33.0141
446,2023-11-09T06:00:00+00:00,98.0,18.64,67.0,1019.0,2.83,162.0,0.0,0.0,12.2222,16.0934,1.0,223.697,25.633
447,2023-11-09T07:00:00+00:00,100.0,18.55,69.0,1019.0,3.01,167.0,0.0,0.0,12.7778,16.0934,0.0,235.344,16.241
448,2023-11-09T08:00:00+00:00,100.0,18.09,72.0,1019.0,3.06,155.0,0.0,0.0,12.7778,16.0934,0.0,245.101,5.53685
449,2023-11-09T09:00:00+00:00,100.0,17.69,73.0,1019.0,2.64,158.0,0.0,0.0,13.3333,16.0934,0.0,253.659,-5.998
450,2023-11-09T10:00:00+00:00,100.0,17.52,74.0,1019.0,2.15,160.0,0.0,0.0,13.3333,16.0934,0.0,261.672,-18.0334
451,2023-11-09T11:00:00+00:00,100.0,16.86,79.0,1020.0,3.22,178.0,0.29,0.0,13.3333,16.0934,0.0,269.834,-30.3168
452,2023-11-09T12:00:00+00:00,100.0,15.99,85.0,1020.0,1.9,206.0,1.1,0.0,13.8889,16.0934,0.0,279.119,-42.5966
453,2023-11-09T13:00:00+00:00,100.0,15.37,92.0,1019.0,1.02,357.0,2.21,0.0,13.8889,16.0934,0.0,291.368,-54.4899
454,2023-11-09T14:00:00+00:00,100.0,15.32,94.0,1020.0,2.98,1.0,3.12,0.0,13.8889,16.0934,0.0,310.932,-65.0927
455,2023-11-09T15:00:00+00:00,100.0,15.41,94.0,1019.0,7.17,0.0,2.4,0.0,13.8889,16.0934,0.0,346.407,-71.7034
456,2023-11-09T16:00:00+00:00,100.0,13.69,78.0,1020.0,12.62,354.0,0.0,0.0,10.0,6.43738,0.0,30.5687,-69.8004
457,2023-11-09T17:00:00+00:00,100.0,13.02,74.0,1021.0,13.4,359.0,0.0,0.0,8.33333,6.43738,0.0,58.5159,-61.0338
458,2023-11-09T18:00:00+00:00,100.0,12.61,71.0,1022.0,13.26,358.0,0.0,0.0,7.22222,4.82803,0.0,74.2883,-49.7311
459,2023-11-09T19:00:00+00:00,100.0,11.86,70.0,1022.0,13.39,358.0,0.0,0.0,6.11111,6.43738,0.0,85.0075,-37.6239
460,2023-11-09T20:00:00+00:00,100.0,11.29,70.0,1022.0,13.76,1.0,0.0,0.0,6.66667,8.04672,0.0,93.6903,-25.3202
461,2023-11-09T21:00:00+00:00,100.0,10.62,68.0,1023.0,14.15,1.0,0.0,0.0,5.55556,8.04672,0.0,101.709,-13.1257
462,2023-11-09T22:00:00+00:00,100.0,10.08,67.0,1024.0,13.94,1.0,0.0,0.0,4.44444,9.65606,0.0,109.878,-1.28295
463,2023-11-09T23:00:00+00:00,100.0,9.64,66.0,1024.0,14.26,3.0,0.0,0.0,3.33333,8.04672,0.0,118.858,9.93121
464,2023-11-10T00:00:00+00:00,91.0,9.57,65.0,1025.0,13.35,5.0,0.0,0.0,3.33333,11.2654,1.0,129.312,20.1326
465,2023-11-10T01:00:00+00:00,87.0,9.67,63.0,1026.0,12.43,4.0,0.0,0.0,2.77778,16.0934,2.0,141.921,28.7564
466,2023-11-10T02:00:00+00:00,57.0,9.86,60.0,1026.0,13.38,4.0,0.0,0.0,2.22222,16.0934,3.0,157.142,35.0166
467,2023-11-10T03:00:00+00:00,66.0,9.88,58.0,1026.0,13.33,5.0,0.0,0.0,1.66667,16.0934,3.0,174.616,38.0286
468,2023-11-10T04:00:00+00:00,67.0,10.06,56.0,1025.0,12.68,4.0,0.0,0.0,1.11111,16.0934,3.0,192.718,37.2236
469,2023-11-10T05:00:00+00:00,62.0,10.08,55.0,1025.0,12.53,3.0,0.0,0.0,0.555556,16.0934,2.0,209.38,32.7647
470,2023-11-10T06:00:00+00:00,54.0,9.9,56.0,1025.0,12.54,2.0,0.0,0.0,5.68434e-14,16.0934,2.0,223.492,25.4159
471,2023-11-10T07:00:00+00:00,8.0,9.61,58.0,1026.0,12.66,2.0,0.0,0.0,5.68434e-14,16.0934,1.0,235.12,16.0541
472,2023-11-10T08:00:00+00:00,15.0,9.24,59.0,1026.0,12.13,3.0,0.0,0.0,5.68434e-14,16.0934,0.0,244.866,5.37471
473,2023-11-10T09:00:00+00:00,43.0,8.95,59.0,1026.0,11.46,6.0,0.0,0.0,5.68434e-14,16.0934,0.0,253.412,-6.14166
474,2023-11-10T10:00:00+00:00,57.0,8.85,59.0,1028.0,11.48,6.0,0.0,0.0,5.68434e-14,16.0934,0.0,261.406,-18.165
475,2023-11-10T11:00:00+00:00,66.0,8.68,60.0,1028.0,11.55,9.0,0.0,0.0,-0.555556,16.0934,0.0,269.539,-30.4437
476,2023-11-10T12:00:00+00:00,72.0,8.45,60.0,1028.0,11.26,10.0,0.0,0.0,-0.555556,16.0934,0.0,278.777,-42.7282
477,2023-11-10T13:00:00+00:00,100.0,8.11,61.0,1028.0,10.68,14.0,0.0,0.0,-0.555556,16.0934,0.0,290.954,-54.642
478,2023-11-10T14:00:00+00:00,100.0,7.84,61.0,1028.0,10.21,16.0,0.0,0.0,-1.11111,16.0934,0.0,310.453,-65.2932
479,2023-11-10T15:00:00+00:00,100.0,7.62,61.0,1027.0,10.19,15.0,0.0,0.0,-1.11111,16.0934,0.0,346.153,-71.9757
480,2023-11-10T16:00:00+00:00,100.0,7.23,66.0,1027.0,10.8,11.0,0.0,0.0,-0.555556,16.0934,0.0,30.8725,-70.064
481,2023-11-10T17:00:00+00:00,100.0,7.1,66.0,1028.0,10.39,9.0,0.0,0.0,-0.555556,16.0934,0.0,58.9142,-61.2417
482,2023-11-10T18:00:00+00:00,100.0,6.89,67.0,1027.0,10.59,11.0,0.0,0.0,-0.555556,16.0934,0.0,74.6309,-49.9078
483,2023-11-10T19:00:00+00:00,100.0,6.67,66.0,1028.0,9.83,10.0,0.0,0.0,-1.11111,16.0934,0.0,85.298,-37.7887
484,2023-11-10T20:00:00+00:00,80.0,6.54,67.0,1028.0,9.92,13.0,0.0,0.0,-1.11111,16.0934,0.0,93.9449,-25.4845
485,2023-11-10T21:00:00+00:00,55.0,6.44,67.0,1028.0,9.68,14.0,0.0,0.0,-1.66667,16.0934,0.0,101.939,-13.2971
486,2023-11-10T22:00:00+00:00,41.0,6.46,68.0,1028.0,9.49,13.0,0.0,0.0,-1.66667,16.0934,0.0,110.092,-1.46727
487,2023-11-10T23:00:00+00:00,34.0,6.64,68.0,1029.0,8.91,15.0,0.0,0.0,-1.66667,16.0934,1.0,119.057,9.72862
488,2023-11-11T00:00:00+00:00,30.0,7.24,66.0,1030.0,8.6,13.0,0.0,0.0,-1.66667,16.0934,2.0,129.492,19.9072
489,2023-11-11T01:00:00+00:00,17.0,8.0,65.0,1030.0,9.0,9.0,0.0,0.0,-1.11111,16.0934,2.0,142.067,28.5059
490,2023-11-11T02:00:00+00:00,25.0,8.68,64.0,1029.0,8.88,8.0,0.0,0.0,5.68434e-14,16.0934,2.0,157.23,34.7443
491,2023-11-11T03:00:00+00:00,45.0,9.22,63.0,1028.0,9.02,5.0,0.0,0.0,0.555556,16.0934,1.0,174.614,37.7472
492,2023-11-11T04:00:00+00:00,37.0,9.81,61.0,1028.0,9.42,359.0,0.0,0.0,1.11111,16.0934,2.0,192.622,36.9529
493,2023-11-11T05:00:00+00:00,35.0,10.03,61.0,1027.0,9.98,356.0,0.0,0.0,1.11111,16.0934,2.0,209.214,32.5208
494,2023-11-11T06:00:00+00:00,37.0,10.04,61.0,1027.0,9.96,357.0,0.0,0.0,1.66667,16.0934,2.0,223.288,25.2044
495,2023-11-11T07:00:00+00:00,97.0,9.92,62.0,1027.0,10.09,358.0,0.0,0.0,1.66667,16.0934,1.0,234.897,15.8728
496,2023-11-11T08:00:00+00:00,97.0,9.66,63.0,1027.0,10.06,358.0,0.0,0.0,1.66667,16.0934,0.0,244.632,5.21813
497,2023-11-11T09:00:00+00:00,98.0,9.41,64.0,1027.0,9.78,5.0,0.0,0.0,1.66667,16.0934,0.0,253.166,-6.2797
498,2023-11-11T10:00:00+00:00,99.0,9.27,64.0,1028.0,9.6,6.0,0.0,0.0,1.66667,16.0934,0.0,261.143,-18.2909
499,2023-11-11T11:00:00+00:00,99.0,9.18,64.0,1028.0,9.2,3.0,0.0,0.0,1.66667,16.0934,0.0,269.247,-30.5645
500,2023-11-11T12:00:00+00:00,99.0,9.12,64.0,1028.0,9.08,3.0,0.0,0.0,1.66667,16.0934,0.0,278.436,-42.8535
501,2023-11-11T13:00:00+00:00,100.0,8.9,64.0,1028.0,9.02,6.0,0.0,0.0,1.11111,16.0934,0.0,290.541,-54.7871
502,2023-11-11T14:00:00+00:00,100.0,8.61,64.0,1028.0,8.62,5.0,0.0,0.0,1.11111,16.0934,0.0,309.969,-65.4863
503,2023-11-11T15:00:00+00:00,100.0,8.2,65.0,1028.0,8.62,5.0,0.0,0.0,0.555556,16.0934,0.0,345.885,-72.2423
504,2023-11-11T16:00:00+00:00,100.0,9.17,63.0,1028.0,9.58,354.0,0.0,0.0,1.11111,16.0934,0.0,31.1686,-70.3241
505,2023-11-11T17:00:00+00:00,100.0,9.13,62.0,1028.0,10.02,353.0,0.0,0.0,1.11111,16.0934,0.0,59.3056,-61.4476
506,2023-11-11T18:00:00+00:00,100.0,9.05,62.0,1027.0,10.02,353.0,0.0,0.0,1.11111,16.0934,0.0,74.9669,-50.0836
507,2023-11-11T19:00:00+00:00,100.0,8.92,61.0,1027.0,9.39,352.0,0.0,0.0,1.11111,16.0934,0.0,85.5823,-37.9532
508,2023-11-11T20:00:00+00:00,100.0,8.72,61.0,1027.0,8.75,354.0,0.0,0.0,1.11111,16.0934,0.0,94.1936,-25.6487
509,2023-11-11T21:00:00+00:00,100.0,8.33,65.0,1028.0,8.63,352.0,0.0,0.0,1.66667,11.2654,0.0,102.164,-13.4684
510,2023-11-11T22:00:00+00:00,100.0,8.11,67.0,1028.0,8.72,350.0,0.0,0.0,1.11111,16.0934,0.0,110.3,-1.65137
511,2023-11-11T23:00:00+00:00,100.0,8.04,69.0,1028.0,8.69,348.0,0.0,0.0,1.11111,16.0934,0.0,119.25,9.52664
512,2023-11-12T00:00:00+00:00,100.0,8.65,65.0,1029.0,9.01,342.0,0.0,0.0,1.11111,16.0934,0.0,129.666,19.6831
513,2023-11-12T01:00:00+00:00,100.0,9.22,62.0,1029.0,10.61,340.0,0.0,0.0,1.66667,16.0934,1.0,142.207,28.2576
514,2023-11-12T02:00:00+00:00,100.0,9.45,60.0,1028.0,11.15,331.0,0.0,0.0,1.66667,16.0934,1.0,157.31,34.4755
515,2023-11-12T03:00:00+00:00,100.0,9.24,61.0,1028.0,10.55,330.0,0.0,0.0,1.66667,16.0934,2.0,174.609,37.4705
516,2023-11-12T04:00:00+00:00,100.0,9.52,60.0,1027.0,10.52,328.0,0.0,0.0,1.66667,16.0934,3.0,192.525,36.6877
517,2023-11-12T05:00:00+00:00,100.0,9.72,57.0,1026.0,10.57,328.0,0.0,0.0,1.66667,16.0934,2.0,209.048,32.2826
518,2023-11-12T06:00:00+00:00,100.0,9.75,57.0,1026.0,10.69,331.0,0.0,0.0,1.11111,16.0934,2.0,223.085,24.9986
519,2023-11-12T07:00:00+00:00,100.0,9.88,54.0,1026.0,10.05,336.0,0.0,0.0,1.11111,16.0934,1.0,234.676,15.6972
520,2023-11-12T08:00:00+00:00,100.0,9.71,56.0,1026.0,10.0,337.0,0.0,0.0,1.11111,16.0934,0.0,244.4,5.06718
521,2023-11-12T09:00:00+00:00,100.0,9.68,56.0,1027.0,9.83,341.0,0.0,0.0,1.11111,16.0934,0.0,252.923,-6.41206
522,2023-11-12T10:00:00+00:00,100.0,9.54,57.0,1027.0,9.72,343.0,0.0,0.0,1.11111,16.0934,0.0,260.882,-18.411
523,2023-11-12T11:00:00+00:00,100.0,9.29,59.0,1027.0,9.99,344.0,0.1,0.0,1.11111,16.0934,0.0,268.956,-30.6792
524,2023-11-12T12:00:00+00:00,99.0,9.29,59.0,1027.0,10.2,341.0,0.11,0.0,1.11111,16.0934,0.0,278.098,-42.9723
525,2023-11-12T13:00:00+00:00,98.0,9.43,56.0,1027.0,10.97,336.0,0.0,0.0,0.555556,16.0934,0.0,290.128,-54.9252
526,2023-11-12T14:00:00+00:00,99.0,9.52,55.0,1028.0,11.48,334.0,0.0,0.0,5.68434e-14,16.0934,0.0,309.479,-65.6719
527,2023-11-12T15:00:00+00:00,99.0,9.63,53.0,1027.0,11.47,333.0,0.0,0.0,5.68434e-14,16.0934,0.0,345.601,-72.5028
